"number","project","owner","approver","verifier"
"101005","platform/frameworks/opt/telephony","Narayan Kamath","Elliott Hughes","Narayan Kamath"
"101140","platform/packages/apps/Settings","Narayan Kamath","Narayan Kamath","Narayan Kamath"
"101970","platform/frameworks/opt/telephony","Narayan Kamath","Robert Greenwalt","Narayan Kamath"
"106830","platform/system/vold","Adam Langley","Paul Lawrence","Deckard Autoverifier"
"107515","platform/system/vold","Dan Albert","Elliott Hughes","Dan Albert"
"109323","platform/system/vold","Stephen Smalley","Nick Kralevich","Deckard Autoverifier"
"109776","platform/frameworks/av","Bernhard Rosenkränzer","Chih-hung Hsieh","Deckard Autoverifier"
"110204","platform/system/core","Mark Salyzyn","Mark Salyzyn","Mark Salyzyn"
"111553","platform/system/vold","Dan Albert","Elliott Hughes","Dan Albert"
"113423","platform/frameworks/av","Martin Storsjö","Glenn Kasten","Glenn Kasten"
"113520","platform/frameworks/av","Ian Rogers","Andreas Gampe","Ian Rogers"
"113601","platform/frameworks/av","junkyu lee","Glenn Kasten","Glenn Kasten"
"113712","platform/frameworks/av","Eino-Ville Talvala","Dan Albert","Eino-Ville Talvala"
"113951","platform/frameworks/av","Dan Albert","Stephen Hines","Dan Albert"
"114044","platform/frameworks/av","John Eckerdal","Marco Nelissen","Glenn Kasten"
"114171","platform/frameworks/av","Mark Salyzyn","Elliott Hughes","Mark Salyzyn"
"114231","platform/frameworks/av","Yong Yao","Lajos Molnar","Lajos Molnar"
"114621","platform/frameworks/av","Chih-hung Hsieh","Stephen Hines","Chih-hung Hsieh"
"114626","platform/frameworks/av","Chih-hung Hsieh","Glenn Kasten","Chih-hung Hsieh"
"114636","platform/packages/apps/Settings","Elliott Hughes","Narayan Kamath","Elliott Hughes"
"114670","platform/frameworks/av","Chih-hung Hsieh","Eric Laurent","Chih-hung Hsieh"
"114754","platform/frameworks/av","Dan Albert","Elliott Hughes","Dan Albert"
"114768","platform/frameworks/av","Marco Nelissen","Marco Nelissen","Marco Nelissen"
"114856","platform/frameworks/av","Elliott Hughes","Christopher Ferris","Elliott Hughes"
"114873","platform/frameworks/av","Bernhard Rosenkränzer","Chih-hung Hsieh","Chih-hung Hsieh"
"114893","platform/frameworks/av","Elliott Hughes","Dan Albert","Elliott Hughes"
"114926","platform/frameworks/av","Bernhard Rosenkränzer","Dan Albert","Chih-hung Hsieh"
"114927","platform/frameworks/av","Bernhard Rosenkränzer","Chih-hung Hsieh","Chih-hung Hsieh"
"114928","platform/frameworks/av","Bernhard Rosenkränzer","Chih-hung Hsieh","Chih-hung Hsieh"
"115081","platform/packages/apps/Settings","Narayan Kamath","Elliott Hughes","Narayan Kamath"
"115615","platform/frameworks/av","Bernhard Rosenkränzer","Chih-hung Hsieh","Chih-hung Hsieh"
"115624","platform/frameworks/av","Bernhard Rosenkränzer","Chih-hung Hsieh","Chih-hung Hsieh"
"115664","platform/frameworks/av","Bernhard Rosenkränzer","Chih-hung Hsieh","Chih-hung Hsieh"
"115723","platform/frameworks/av","Dan Albert","Stephen Hines","Bionic Buildbot"
"115833","platform/frameworks/av","Zerom Han","Glenn Kasten","Glenn Kasten"
"115869","platform/packages/apps/Settings","Michael Bestas","Alan Viverette","Deckard Autoverifier"
"115900","platform/frameworks/opt/telephony","Paul Jensen","Lorenzo Colitti","Lorenzo Colitti"
"116107","platform/packages/apps/Settings","Zoran Jovanovic","Dianne Hackborn","Fabrice Di Meglio"
"116156","platform/frameworks/av","Andreas Gampe","Marco Nelissen","Andreas Gampe"
"116178","platform/frameworks/av","Andreas Gampe","Stephen Hines","Andreas Gampe"
"116184","platform/frameworks/av","Andreas Gampe","Lajos Molnar","Andreas Gampe"
"116225","platform/frameworks/av","Andreas Gampe","Mark Salyzyn","Andreas Gampe"
"116341","platform/frameworks/av","Bernhard Rosenkränzer","Dan Albert","Chih-hung Hsieh"
"116399","platform/frameworks/opt/telephony","Etan Cohen","Bill Yi","nobody.verified"
"116493","platform/frameworks/av","Bernhard Rosenkränzer","Lajos Molnar","Deckard Autoverifier"
"116770","platform/frameworks/av","Bernhard Rosenkränzer","Lajos Molnar","Chih-hung Hsieh"
"116896","platform/packages/apps/Settings","Yu Ning","Fabrice Di Meglio","Fabrice Di Meglio"
"117183","platform/frameworks/av","Elliott Hughes","Dan Albert","Elliott Hughes"
"117794","platform/frameworks/av","Andreas Gampe","Marco Nelissen","Deckard Autoverifier"
"118207","platform/frameworks/av","Bernhard Rosenkränzer","Dan Albert","Chih-hung Hsieh"
"118382","platform/bionic","Elliott Hughes","Dimitry Ivanov","Bionic Buildbot"
"118482","platform/frameworks/av","Chih-hung Hsieh","Elliott Hughes","Chih-hung Hsieh"
"118502","platform/frameworks/av","Chih-hung Hsieh","Elliott Hughes","Chih-hung Hsieh"
"118648","platform/frameworks/av","Marco Nelissen","Marco Nelissen","Marco Nelissen"
"118802","platform/frameworks/av","Marco Nelissen","Marco Nelissen","Marco Nelissen"
"118967","platform/frameworks/av","Trevor Drake","Elliott Hughes","Elliott Hughes"
"118987","platform/packages/apps/Settings","Narayan Kamath","Neil Fuller","Narayan Kamath"
"119028","platform/frameworks/av","Chih-hung Hsieh","Dan Albert","Chih-hung Hsieh"
"119362","platform/system/vold","Dan Albert","Elliott Hughes","Dan Albert"
"119520","platform/system/vold","Tim Murray","Tim Murray","Tim Murray"
"119780","platform/frameworks/av","Eric Laurent","Eric Laurent","Eric Laurent"
"120303","platform/frameworks/av","Martin Storsjö","Marco Nelissen","Deckard Autoverifier"
"120322","platform/system/vold","Dan Albert","Dan Albert","Dan Albert"
"120334","platform/frameworks/av","Eric Laurent","Eric Laurent","Eric Laurent"
"120335","platform/frameworks/av","Eric Laurent","Eric Laurent","Eric Laurent"
"120881","platform/frameworks/av","Marco Nelissen","Marco Nelissen","Deckard Autoverifier"
"120945","platform/frameworks/av","Martin Storsjö","Lajos Molnar","Deckard Autoverifier"
"121006","platform/frameworks/av","Martin Storsjö","Marco Nelissen","Deckard Autoverifier"
"121074","platform/frameworks/opt/net/wifi","Elliott Hughes","Dan Albert","Elliott Hughes"
"121092","platform/system/vold","Elliott Hughes","Elliott Hughes","Elliott Hughes"
"121152","platform/system/vold","Yabin Cui","Elliott Hughes","Yabin Cui"
"121280","platform/frameworks/av","Soon-won Choi","Eric Laurent","Eric Laurent"
"121320","platform/frameworks/av","Narayan Kamath","Narayan Kamath","Narayan Kamath"
"12175","platform/system/vold","san","san","nobody.verified"
"12180","platform/system/vold","san","san","nobody.verified"
"12181","platform/system/vold","san","san","nobody.verified"
"12182","platform/system/vold","san","san","nobody.verified"
"12183","platform/system/vold","san","san","nobody.verified"
"12186","platform/system/vold","san","san","nobody.verified"
"122374","platform/frameworks/av","Marco Nelissen","Marco Nelissen","Deckard Autoverifier"
"122381","platform/frameworks/av","Marco Nelissen","Marco Nelissen","Marco Nelissen"
"12270","platform/system/vold","san","san","nobody.verified"
"123450","platform/frameworks/av","Soon-won Choi","Bill Yi","nobody.verified"
"123526","platform/frameworks/av","Marco Nelissen","Marco Nelissen","Marco Nelissen"
"123681","platform/frameworks/opt/telephony","Narayan Kamath","Narayan Kamath","Narayan Kamath"
"124052","platform/frameworks/av","Eric Laurent","Eric Laurent","Eric Laurent"
"124333","platform/frameworks/av","Marco Nelissen","Lajos Molnar","Deckard Autoverifier"
"124477","platform/system/vold","Adam Langley","Kenny Root","Kenny Root"
"124492","platform/frameworks/av","Adam Langley","Kenny Root","Deckard Autoverifier"
"124841","platform/frameworks/av","Marco Nelissen","Marco Nelissen","Marco Nelissen"
"125842","platform/system/vold","Elliott Hughes","Christopher Ferris","Elliott Hughes"
"125853","platform/system/vold","Paul Lawrence","Elliott Hughes","Paul Lawrence"
"125857","platform/frameworks/opt/net/wifi","Elliott Hughes","Robert Greenwalt","Elliott Hughes"
"127177","platform/frameworks/av","Elliott Hughes","Elliott Hughes","Elliott Hughes"
"127361","platform/frameworks/av","Marco Nelissen","Marco Nelissen","Marco Nelissen"
"127572","platform/frameworks/av","Elliott Hughes","Dan Albert","Elliott Hughes"
"127602","platform/packages/apps/Settings","Stephan Huber","Amith Yamasani","Deckard Autoverifier"
"127605","platform/frameworks/av","Zoran Jovanovic","Bill Yi","nobody.verified"
"128234","platform/frameworks/av","John Lin","Eino-Ville Talvala","Deckard Autoverifier"
"128780","platform/packages/apps/Settings","Alex Klyubin","Jeff Sharkey","Jeff Sharkey"
"128822","platform/frameworks/av","Elliott Hughes","Narayan Kamath","Elliott Hughes"
"129111","platform/system/vold","Henrik Baard","Elliott Hughes","Elliott Hughes"
"129141","platform/system/vold","Henrik Baard","Elliott Hughes","Deckard Autoverifier"
"129151","platform/system/vold","Henrik Baard","Elliott Hughes","Elliott Hughes"
"129430","platform/system/vold","Henrik Baard","Elliott Hughes","Deckard Autoverifier"
"129580","platform/system/vold","Nick Kralevich","Elliott Hughes","Nick Kralevich"
"132740","platform/frameworks/opt/net/wifi","AbdelmajidX Mlayeh","Vinit Deshpande","Vinit Deshpande"
"133201","platform/frameworks/av","Marco Nelissen","Marco Nelissen","Marco Nelissen"
"133581","platform/frameworks/av","Marco Nelissen","Chong Zhang","Marco Nelissen"
"134532","platform/frameworks/opt/net/wifi","Greg Hackmann","Vinit Deshpande","Greg Hackmann"
"134940","platform/system/vold","Shawn Willden","Shawn Willden","Shawn Willden"
"136041","platform/frameworks/base","Tiger Huang","Wale Ogunwale","Wale Ogunwale"
"137071","platform/frameworks/base","Seunghyun Lee","Wale Ogunwale","Wale Ogunwale"
"138431","platform/system/vold","Nick Kralevich","Nick Kralevich","Nick Kralevich"
"138767","platform/packages/apps/Settings","Johan Redestig","Jason Monk","Deckard Autoverifier"
"139010","platform/bionic","Dan Albert","Dan Albert","Bionic Buildbot"
"142808","platform/system/core","Mark Salyzyn","Mark Salyzyn","Mark Salyzyn"
"143068","platform/frameworks/av","Marco Nelissen","Marco Nelissen","Marco Nelissen"
"143215","platform/frameworks/av","Dan Stoza","Dan Stoza","Dan Stoza"
"143216","platform/frameworks/av","Dan Stoza","Dan Stoza","Dan Stoza"
"143561","platform/frameworks/base","Tingna Sung","Wale Ogunwale","Deckard Autoverifier"
"143726","platform/frameworks/base","Yohann Roussel","Narayan Kamath","Yohann Roussel"
"144277","platform/system/vold","Johan Redestig","Jeff Sharkey","Elliott Hughes"
"144292","platform/system/vold","Paul Lawrence","Paul Lawrence","Paul Lawrence"
"144602","platform/frameworks/av","Venkatarama Avadhani","Lajos Molnar","Lajos Molnar"
"144673","platform/system/vold","Paul Lawrence","Paul Lawrence","Paul Lawrence"
"145063","platform/frameworks/av","Venkatarama Avadhani","Lajos Molnar","Lajos Molnar"
"145064","platform/frameworks/av","Venkatarama Avadhani","Lajos Molnar","Lajos Molnar"
"145077","platform/packages/apps/Settings","Johan Redestig","Elliott Hughes","Elliott Hughes"
"145129","platform/frameworks/av","Dan Liang","Marco Nelissen","Deckard Autoverifier"
"145266","platform/frameworks/av","Chong Zhang","Marco Nelissen","Chong Zhang"
"145291","platform/frameworks/av","Lajos Molnar","Lajos Molnar","Chong Zhang"
"145309","platform/frameworks/av","Marco Nelissen","Marco Nelissen","Deckard Autoverifier"
"145320","platform/frameworks/av","Marco Nelissen","Marco Nelissen","Deckard Autoverifier"
"145476","platform/frameworks/av","Marco Nelissen","Lajos Molnar","Marco Nelissen"
"145498","platform/system/vold","Mohamad Ayyash","Mohamad Ayyash","Mohamad Ayyash"
"145823","platform/frameworks/base","Mark Salyzyn","Elliott Hughes","Mark Salyzyn"
"146183","platform/frameworks/av","Marco Nelissen","Marco Nelissen","Marco Nelissen"
"146265","platform/system/vold","Paul Lawrence","Paul Crowley","Paul Crowley"
"146537","platform/frameworks/av","Venkatarama Avadhani","Lajos Molnar","Lajos Molnar"
"146908","platform/system/vold","Paul Lawrence","Paul Crowley","Paul Lawrence"
"146926","platform/system/vold","Paul Lawrence","Paul Crowley","Paul Lawrence"
"147096","platform/packages/apps/Settings","Elliott Hughes","Narayan Kamath","Elliott Hughes"
"147634","platform/frameworks/av","Taiju Tsuiki","Marco Nelissen","Deckard Autoverifier"
"147772","platform/frameworks/opt/telephony","Robert Greenwalt","Robert Greenwalt","Robert Greenwalt"
"147803","platform/bionic","Spencer Low","Dimitry Ivanov","Bionic Buildbot"
"147911","platform/system/vold","Paul Crowley","Paul Crowley","Paul Crowley"
"148186","platform/frameworks/av","Evgenii Stepanov","Dan Albert","Dan Albert"
"148300","platform/system/vold","Johan Redestig","Elliott Hughes","Elliott Hughes"
"148362","platform/frameworks/base","Tiger Huang","Wale Ogunwale","Wale Ogunwale"
"148368","platform/frameworks/av","Harish Mahendrakar","Lajos Molnar","Lajos Molnar"
"148433","platform/frameworks/av","Henrik Baard","Eino-Ville Talvala","Eino-Ville Talvala"
"148491","platform/frameworks/opt/net/wifi","Andreas Gampe","Andreas Gampe","Andreas Gampe"
"148537","platform/system/vold","Paul Lawrence","Paul Lawrence","Paul Lawrence"
"148577","platform/frameworks/av","Marco Nelissen","Marco Nelissen","Marco Nelissen"
"148591","platform/packages/apps/Settings","Elliott Hughes","Dan Albert","Elliott Hughes"
"148607","platform/system/vold","Paul Lawrence","Nick Kralevich","Paul Lawrence"
"148753","platform/frameworks/av","Marco Nelissen","Marco Nelissen","Marco Nelissen"
"149313","platform/system/vold","Paul Lawrence","Paul Crowley","Paul Lawrence"
"149385","platform/system/vold","Paul Lawrence","Paul Crowley","Paul Lawrence"
"149401","platform/frameworks/base","Yang Ni","Jason Sams","Yang Ni"
"149411","platform/system/vold","Paul Lawrence","Paul Crowley","Paul Lawrence"
"149433","platform/system/vold","Paul Lawrence","Paul Crowley","Paul Lawrence"
"149442","platform/system/vold","Paul Crowley","Paul Lawrence","Paul Crowley"
"149443","platform/system/vold","Paul Crowley","Paul Lawrence","Paul Crowley"
"149595","platform/system/vold","Paul Lawrence","Paul Crowley","Paul Lawrence"
"149602","platform/system/core","Alex Vallée","Elliott Hughes","Elliott Hughes"
"149728","platform/packages/apps/Settings","Johan Redestig","Nick Kralevich","Nick Kralevich"
"149735","platform/packages/apps/Settings","Johan Redestig","John Huang","Deckard Autoverifier"
"149757","platform/frameworks/base","Riddle Hsu","Wale Ogunwale","Wale Ogunwale"
"149769","platform/frameworks/base","Evgenii Stepanov","Stephen Hines","Deckard Autoverifier"
"149819","platform/frameworks/base","Miao Wang","Miao Wang","Miao Wang"
"149823","platform/bionic","Dan Albert","Elliott Hughes","Dan Albert"
"149824","platform/bionic","Dan Albert","Elliott Hughes","Dan Albert"
"149825","platform/bionic","Dan Albert","Elliott Hughes","Dan Albert"
"149830","platform/frameworks/base","Miao Wang","Miao Wang","Miao Wang"
"149831","platform/frameworks/base","Miao Wang","Miao Wang","Miao Wang"
"149832","platform/frameworks/base","Miao Wang","Miao Wang","Miao Wang"
"149833","platform/frameworks/base","Miao Wang","Miao Wang","Miao Wang"
"149853","platform/bionic","Dan Albert","Elliott Hughes","Dan Albert"
"149862","platform/frameworks/base","Miao Wang","Miao Wang","Miao Wang"
"149864","platform/bionic","Dimitry Ivanov","Elliott Hughes","Dimitry Ivanov"
"149879","platform/bionic","Andres Morales","Andres Morales","Andres Morales"
"149914","platform/packages/apps/Settings","Johan Redestig","Nick Kralevich","Deckard Autoverifier"
"149920","platform/frameworks/base","Stephen Mcgroarty","Stephen Hines","Deckard Autoverifier"
"149933","platform/frameworks/base","Chih-hung Hsieh","Jason Sams","Chih-hung Hsieh"
"149951","platform/bionic","Dimitry Ivanov","Elliott Hughes","Dimitry Ivanov"
"149964","platform/frameworks/base","Dimitry Ivanov","Dan Albert","Dimitry Ivanov"
"150007","platform/frameworks/base","Alex Klyubin","Alex Klyubin","Alex Klyubin"
"150008","platform/frameworks/base","Chad Brubaker","Alex Klyubin","Chad Brubaker"
"150054","platform/packages/apps/Settings","Chad Brubaker","Alex Klyubin","Chad Brubaker"
"150055","platform/bionic","Elliott Hughes","Dimitry Ivanov","Bionic Buildbot"
"150082","platform/frameworks/base","Miao Wang","Miao Wang","Miao Wang"
"150135","platform/frameworks/base","Miao Wang","Yang Ni","Deckard Autoverifier"
"150156","platform/bionic","Elliott Hughes","Elliott Hughes","Elliott Hughes"
"150171","platform/bionic","Chih-hung Hsieh","Elliott Hughes","Bionic Buildbot"
"150195","platform/bionic","Elliott Hughes","Dan Albert","Elliott Hughes"
"150198","platform/frameworks/av","Chih-hung Hsieh","Elliott Hughes","Chih-hung Hsieh"
"150211","platform/frameworks/base","Philipp Hasper","Narayan Kamath","Narayan Kamath"
"150360","platform/bionic","Elliott Hughes","Dan Albert","Elliott Hughes"
"150375","platform/frameworks/av","Adam Langley","Kenny Root","Kenny Root"
"150382","platform/bionic","Dimitry Ivanov","Dimitry Ivanov","Dimitry Ivanov"
"150387","platform/frameworks/base","Chad Brubaker","Alex Klyubin","Chad Brubaker"
"150457","platform/frameworks/opt/telephony","Vipin Sapra","Robert Greenwalt","Robert Greenwalt"
"150531","platform/frameworks/base","Shuhrat Dehkanov","Chris Tate","Chris Tate"
"150534","platform/frameworks/base","Riddle Hsu","Wale Ogunwale","Deckard Autoverifier"
"150550","platform/frameworks/base","Tingna Sung","Wale Ogunwale","Wale Ogunwale"
"150600","platform/bionic","Elliott Hughes","Christopher Ferris","Bionic Buildbot"
"150620","platform/frameworks/base","Hiroshi Yamauchi","Jesse Hall","Hiroshi Yamauchi"
"150660","platform/frameworks/base","Jason Sams","Pirama Arumuga Nainar","Jason Sams"
"150679","platform/frameworks/base","Richard MacGregor","Wale Ogunwale","Deckard Autoverifier"
"150696","platform/frameworks/av","Chih-hung Hsieh","Dan Albert","Chih-hung Hsieh"
"150757","platform/frameworks/base","Wojciech Staszkiewicz","Narayan Kamath","Narayan Kamath"
"150758","platform/frameworks/opt/telephony","Wojciech Staszkiewicz","Narayan Kamath","Narayan Kamath"
"150764","platform/frameworks/base","Chad Brubaker","Alex Klyubin","Deckard Autoverifier"
"150783","platform/packages/apps/Settings","Fyodor Kupolov","Fyodor Kupolov","Deckard Autoverifier"
"150805","platform/frameworks/base","Fyodor Kupolov","Amith Yamasani","Fyodor Kupolov"
"150808","platform/frameworks/av","Chih-hung Hsieh","Glenn Kasten","Chih-hung Hsieh"
"150840","platform/frameworks/base","Igor Viarheichyk","Narayan Kamath","Narayan Kamath"
"150843","platform/bionic","Dimitry Ivanov","Elliott Hughes","Bionic Buildbot"
"150845","platform/bionic","John Reck","Elliott Hughes","John Reck"
"150901","platform/system/core","Mark Salyzyn","Mark Salyzyn","Mark Salyzyn"
"150924","platform/bionic","Elliott Hughes","Dimitry Ivanov","Elliott Hughes"
"150970","platform/bionic","Dimitry Ivanov","Elliott Hughes","Bionic Buildbot"
"150994","platform/frameworks/base","Alex Klyubin","Alex Klyubin","Alex Klyubin"
"150999","platform/bionic","Yabin Cui","Christopher Ferris","Yabin Cui"
"151138","platform/frameworks/base","Mark Salyzyn","Martijn Coenen","Mark Salyzyn"
"151226","platform/system/core","Dan Albert","Christopher Ferris","Dan Albert"
"151244","platform/packages/apps/Settings","Tom O'Neill","Amith Yamasani","Amith Yamasani"
"151259","platform/system/core","Spencer Low","Elliott Hughes","Elliott Hughes"
"151310","platform/frameworks/av","Hamsalekha S","Marco Nelissen","Marco Nelissen"
"151327","platform/frameworks/base","Jean-Luc Brouillet","Jason Sams","Deckard Autoverifier"
"151328","platform/bionic","Yabin Cui","Christopher Ferris","Bionic Buildbot"
"151355","platform/system/core","Mark Salyzyn","Mark Salyzyn","Mark Salyzyn"
"151384","platform/system/core","Rom Lemarchand","Dan Albert","Rom Lemarchand"
"151385","platform/system/core","Rom Lemarchand","Rom Lemarchand","Rom Lemarchand"
"151427","platform/frameworks/base","Chris Desjardins","Wale Ogunwale","Wale Ogunwale"
"151430","platform/bionic","Dan Albert","Christopher Ferris","Bionic Buildbot"
"151445","platform/frameworks/base","Dooyoung Hwang","Narayan Kamath","Narayan Kamath"
"151474","platform/frameworks/base","Charles Tsai","Chris Tate","Chris Tate"
"151481","platform/system/core","Nick Kralevich","Narayan Kamath","Nick Kralevich"
"151482","platform/system/core","Mark Salyzyn","Mark Salyzyn","Mark Salyzyn"
"151597","platform/packages/apps/Settings","Fyodor Kupolov","Amith Yamasani","Fyodor Kupolov"
"151672","platform/frameworks/base","Narayan Kamath","Narayan Kamath","Narayan Kamath"
"151674","platform/frameworks/base","Narayan Kamath","Narayan Kamath","Narayan Kamath"
"151695","platform/system/core","Mark Salyzyn","Mark Salyzyn","Mark Salyzyn"
"151721","platform/frameworks/base","Narayan Kamath","Narayan Kamath","Narayan Kamath"
"151722","platform/frameworks/base","Narayan Kamath","Narayan Kamath","Narayan Kamath"
"151830","platform/bionic","Dimitry Ivanov","Elliott Hughes","Bionic Buildbot"
"151894","platform/system/core","Spencer Low","Elliott Hughes","Elliott Hughes"
"151896","platform/system/core","Spencer Low","Elliott Hughes","Elliott Hughes"
"151901","platform/bionic","Simon Baldwin","Dimitry Ivanov","Bionic Buildbot"
"151926","platform/system/core","Mark Salyzyn","Mark Salyzyn","Mark Salyzyn"
"151935","platform/bionic","Dimitry Ivanov","Christopher Ferris","Bionic Buildbot"
"151961","platform/frameworks/base","Brian Carlstrom","Narayan Kamath","Narayan Kamath"
"152010","platform/bionic","Nikola Veljkovic","Elliott Hughes","Elliott Hughes"
"152023","platform/frameworks/base","Jinho Park","Chris Tate","Chris Tate"
"152054","platform/bionic","Dimitry Ivanov","Elliott Hughes","Bionic Buildbot"
"152077","platform/system/core","Mark Salyzyn","Mark Salyzyn","Mark Salyzyn"
"152118","platform/system/core","Mark Salyzyn","Mark Salyzyn","Mark Salyzyn"
"152141","platform/system/core","Evgenii Stepanov","Narayan Kamath","Evgenii Stepanov"
"152178","platform/system/core","Oreste Salerno","Elliott Hughes","Elliott Hughes"
"152196","platform/system/core","Than McIntosh","Elliott Hughes","Than McIntosh"
"152251","platform/system/core","Mark Salyzyn","Elliott Hughes","Mark Salyzyn"
"152253","platform/system/core","Christopher Ferris","Elliott Hughes","Christopher Ferris"
"152286","platform/bionic","Dimitry Ivanov","Elliott Hughes","Dimitry Ivanov"
"152303","platform/frameworks/av","Doney Alex","Marco Nelissen","Marco Nelissen"
"152327","platform/frameworks/base","Neil Fuller","Narayan Kamath","Neil Fuller"
"152352","platform/frameworks/base","David Srbecky","Andreas Gampe","David Srbecky"
"152361","platform/bionic","Dimitry Ivanov","Elliott Hughes","Dimitry Ivanov"
"152363","platform/system/core","Mark Salyzyn","Mark Salyzyn","Mark Salyzyn"
"152427","platform/frameworks/base","Chad Brubaker","Alex Klyubin","Chad Brubaker"
"152464","platform/system/core","Evgenii Stepanov","Andreas Gampe","Evgenii Stepanov"
"152522","platform/system/core","Arman Uguray","Rom Lemarchand","Eric Laurent"
"152544","platform/system/core","Elliott Hughes","Dan Albert","Elliott Hughes"
"152635","platform/system/core","Christopher Ferris","Elliott Hughes","Christopher Ferris"
"152660","platform/bionic","Dimitry Ivanov","Elliott Hughes","Bionic Buildbot"
"152663","platform/bionic","Nick Kralevich","Christopher Ferris","Nick Kralevich"
"152772","platform/bionic","Dan Albert","Elliott Hughes","Dan Albert"
"152783","platform/system/core","Mark Salyzyn","Mark Salyzyn","Mark Salyzyn"
"152888","platform/system/core","Mark Salyzyn","Mark Salyzyn","Mark Salyzyn"
"152900","platform/frameworks/base","tao pei","Narayan Kamath","Narayan Kamath"
"152986","platform/system/core","Mark Salyzyn","Mark Salyzyn","Mark Salyzyn"
"153011","platform/system/core","Mark Salyzyn","Mark Salyzyn","Mark Salyzyn"
"153015","platform/system/core","Elliott Hughes","Dan Albert","Elliott Hughes"
"153016","platform/system/core","Elliott Hughes","Dan Albert","Elliott Hughes"
"153018","platform/system/core","Badhri Jagan Sridharan","Elliott Hughes","Badhri Jagan Sridharan"
"153023","platform/bionic","Dimitry Ivanov","Dimitry Ivanov","Dimitry Ivanov"
"153027","platform/system/core","Christopher Ferris","Christopher Ferris","Christopher Ferris"
"153037","platform/system/core","Rom Lemarchand","Rom Lemarchand","Rom Lemarchand"
"153058","platform/bionic","Dimitry Ivanov","Dimitry Ivanov","Dimitry Ivanov"
"153092","platform/system/core","Elliott Hughes","Elliott Hughes","Elliott Hughes"
"153141","platform/system/core","Sami Tolvanen","Nick Kralevich","Sami Tolvanen"
"153146","platform/frameworks/base","Chris Desjardins","Michael Wright","Michael Wright"
"153224","platform/system/core","Elliott Hughes","Elliott Hughes","Elliott Hughes"
"153232","platform/system/core","Nick Kralevich","Mark Salyzyn","Nick Kralevich"
"153251","platform/system/core","Elliott Hughes","Dan Albert","Elliott Hughes"
"153273","platform/bionic","Dimitry Ivanov","Elliott Hughes","Bionic Buildbot"
"153285","platform/frameworks/base","Chris Craik","Stephen Hines","Chris Craik"
"153289","platform/bionic","Dimitry Ivanov","Elliott Hughes","Bionic Buildbot"
"153341","platform/frameworks/opt/net/wifi","Zhangkai (Kyle) Wang","Robert Greenwalt","Robert Greenwalt"
"153390","platform/frameworks/base","Chris Craik","Stephen Hines","Chris Craik"
"153391","platform/bionic","Dimitry Ivanov","Dimitry Ivanov","Dimitry Ivanov"
"153395","platform/bionic","Christopher Ferris","Christopher Ferris","Christopher Ferris"
"153397","platform/system/core","Elliott Hughes","Elliott Hughes","Elliott Hughes"
"153400","platform/system/core","Rom Lemarchand","Elliott Hughes","Rom Lemarchand"
"153464","platform/bionic","Dimitry Ivanov","Elliott Hughes","Bionic Buildbot"
"153475","platform/system/core","Mark Salyzyn","Mark Salyzyn","Mark Salyzyn"
"153482","platform/bionic","Christopher Ferris","Christopher Ferris","Christopher Ferris"
"153488","platform/system/core","Elliott Hughes","Elliott Hughes","Elliott Hughes"
"153492","platform/frameworks/base","Digish Pandya","John Reck","John Reck"
"153513","platform/frameworks/base","Riddle Hsu","Wale Ogunwale","Wale Ogunwale"
"153563","platform/packages/apps/Settings","Neil Fuller","Neil Fuller","Neil Fuller"
"153593","platform/frameworks/base","Elliott Hughes","Christopher Ferris","Elliott Hughes"
"153623","platform/system/core","Paul Lawrence","Elliott Hughes","Paul Lawrence"
"153680","platform/system/core","Elliott Hughes","Christopher Ferris","Elliott Hughes"
"153702","platform/bionic","Christopher Ferris","Elliott Hughes","Christopher Ferris"
"153712","platform/bionic","Dimitry Ivanov","Elliott Hughes","Bionic Buildbot"
"153713","platform/bionic","Nick Kralevich","Elliott Hughes","Bionic Buildbot"
"153718","platform/frameworks/base","Andre Eisenbach","Michael Wright","Michael Wright"
"153782","platform/system/core","Ben Cheng","Mark Salyzyn","Ben Cheng"
"153804","platform/system/core","Spencer Low","Elliott Hughes","Elliott Hughes"
"153818","platform/system/core","Calin Juravle","Christopher Ferris","Calin Juravle"
"153832","platform/bionic","Dimitry Ivanov","Elliott Hughes","Bionic Buildbot"
"153835","platform/bionic","Ying Wang","Dimitry Ivanov","Ying Wang"
"153922","platform/packages/apps/Settings","Neil Fuller","Neil Fuller","Neil Fuller"
"153940","platform/system/core","Mark Salyzyn","Mark Salyzyn","Mark Salyzyn"
"153974","platform/system/core","Mark Salyzyn","Mark Salyzyn","Mark Salyzyn"
"153978","platform/frameworks/base","Yang Ni","Yang Ni","Yang Ni"
"153986","platform/bionic","Elliott Hughes","Nick Kralevich","Bionic Buildbot"
"153990","platform/system/core","Elliott Hughes","Dan Albert","Elliott Hughes"
"154051","platform/frameworks/av","Martin Storsjö","Marco Nelissen","Marco Nelissen"
"154064","platform/system/core","Mark Salyzyn","Mark Salyzyn","Mark Salyzyn"
"154095","platform/frameworks/base","Christopher Ferris","Christopher Ferris","Christopher Ferris"
"154103","platform/system/core","Tao Bao","Elliott Hughes","Tao Bao"
"154120","platform/frameworks/base","Tao Bao","Elliott Hughes","Tao Bao"
"154121","platform/frameworks/base","Tao Bao","Elliott Hughes","Tao Bao"
"154129","platform/bionic","Christopher Ferris","Christopher Ferris","Christopher Ferris"
"154213","platform/system/core","Elliott Hughes","Elliott Hughes","Elliott Hughes"
"154258","platform/bionic","Elliott Hughes","Chih-hung Hsieh","Bionic Buildbot"
"154261","platform/bionic","Evgenii Stepanov","Dimitry Ivanov","Evgenii Stepanov"
"154265","platform/bionic","Dimitry Ivanov","Dimitry Ivanov","Dimitry Ivanov"
"154295","platform/frameworks/av","Neil Fuller","Neil Fuller","Neil Fuller"
"154314","platform/bionic","Elliott Hughes","Dimitry Ivanov","Elliott Hughes"
"154330","platform/bionic","Dimitry Ivanov","Elliott Hughes","Dimitry Ivanov"
"154331","platform/system/core","Elliott Hughes","Narayan Kamath","Elliott Hughes"
"154336","platform/system/core","Evgenii Stepanov","Elliott Hughes","Evgenii Stepanov"
"154340","platform/frameworks/base","harvey tsai","Narayan Kamath","Narayan Kamath"
"154435","platform/bionic","Dimitry Ivanov","Dimitry Ivanov","Bionic Buildbot"
"154452","platform/frameworks/base","Dimitry Ivanov","Andreas Gampe","Dimitry Ivanov"
"154503","platform/bionic","Duane Sand","Dimitry Ivanov","Dimitry Ivanov"
"154673","platform/system/core","Elliott Hughes","Dan Albert","Elliott Hughes"
"154675","platform/system/core","Mark Salyzyn","Mark Salyzyn","Mark Salyzyn"
"154677","platform/system/core","Evgenii Stepanov","Dan Albert","Evgenii Stepanov"
"154687","platform/system/core","Evgenii Stepanov","Elliott Hughes","Evgenii Stepanov"
"154721","platform/system/core","Mark Salyzyn","Mark Salyzyn","Mark Salyzyn"
"154750","platform/system/core","Elliott Hughes","Colin Cross","Elliott Hughes"
"154753","platform/system/core","Christopher Ferris","Elliott Hughes","Christopher Ferris"
"154761","platform/system/core","Nick Kralevich","Elliott Hughes","Nick Kralevich"
"154830","platform/system/core","Nick Kralevich","Nick Kralevich","Nick Kralevich"
"154832","platform/system/core","Mark Salyzyn","Mark Salyzyn","Mark Salyzyn"
"154844","platform/bionic","Elliott Hughes","Dimitry Ivanov","Elliott Hughes"
"154845","platform/bionic","Elliott Hughes","Elliott Hughes","Elliott Hughes"
"154918","platform/bionic","Tim Murray","Christopher Ferris","Bionic Buildbot"
"154942","platform/bionic","Elliott Hughes","Dimitry Ivanov","Bionic Buildbot"
"154943","platform/system/core","Nick Kralevich","Elliott Hughes","Nick Kralevich"
"154945","platform/frameworks/base","Dan Albert","Stephen Hines","Dan Albert"
"155038","platform/bionic","Elliott Hughes","Dan Albert","Bionic Buildbot"
"155042","platform/bionic","Dan Albert","Christopher Ferris","Bionic Buildbot"
"155080","platform/system/core","Nick Kralevich","Nick Kralevich","Nick Kralevich"
"155112","platform/frameworks/base","Narayan Kamath","Narayan Kamath","Narayan Kamath"
"155116","platform/bionic","Nikola Veljkovic","Elliott Hughes","Elliott Hughes"
"155125","platform/bionic","Nikola Veljkovic","Christopher Ferris","Christopher Ferris"
"155131","platform/frameworks/base","Narayan Kamath","Narayan Kamath","Narayan Kamath"
"155150","platform/bionic","Dimitry Ivanov","Dimitry Ivanov","Dimitry Ivanov"
"155225","platform/bionic","Dimitry Ivanov","Dimitry Ivanov","Dimitry Ivanov"
"155310","platform/system/core","Elliott Hughes","Narayan Kamath","Elliott Hughes"
"155316","platform/bionic","Dimitry Ivanov","Dimitry Ivanov","Dimitry Ivanov"
"155371","platform/system/core","Christopher Ferris","Christopher Ferris","Christopher Ferris"
"155631","platform/frameworks/base","Stephen Smalley","Nick Kralevich","Nick Kralevich"
"155642","platform/bionic","Yabin Cui","Yabin Cui","Bionic Buildbot"
"155680","platform/system/core","Nick Kralevich","Dan Albert","Nick Kralevich"
"155737","platform/frameworks/base","Minhyeok Jeong","Wale Ogunwale","Wale Ogunwale"
"155757","platform/system/core","Sami Tolvanen","Nick Kralevich","Sami Tolvanen"
"155863","platform/bionic","Dimitry Ivanov","Elliott Hughes","Dimitry Ivanov"
"155895","platform/frameworks/base","Nikola Veljkovic","Chris Craik","Tenghui Zhu"
"155905","platform/frameworks/base","Henrik Baard","Narayan Kamath","Narayan Kamath"
"155950","platform/bionic","Dimitry Ivanov","Dimitry Ivanov","Dimitry Ivanov"
"156022","platform/frameworks/base","Man Cao","Wale Ogunwale","Mathieu Chartier"
"156065","platform/frameworks/base","Hiroshi Yamauchi","Brian Carlstrom","Hiroshi Yamauchi"
"156066","platform/system/core","Elliott Hughes","Dan Albert","Elliott Hughes"
"156095","platform/bionic","Dimitry Ivanov","Elliott Hughes","Bionic Buildbot"
"156097","platform/bionic","Dimitry Ivanov","Elliott Hughes","Bionic Buildbot"
"156106","platform/bionic","Chih-hung Hsieh","Dan Albert","Bionic Buildbot"
"156175","platform/system/core","Elliott Hughes","Dan Albert","Elliott Hughes"
"156403","platform/system/core","Elliott Hughes","Dan Albert","Elliott Hughes"
"156407","platform/system/core","Elliott Hughes","Elliott Hughes","Elliott Hughes"
"156409","platform/bionic","Dimitry Ivanov","Dimitry Ivanov","Dimitry Ivanov"
"156430","platform/system/core","Elliott Hughes","Dan Albert","Elliott Hughes"
"156503","platform/bionic","Dimitry Ivanov","Dimitry Ivanov","Bionic Buildbot"
"156508","platform/frameworks/base","Andreas Gampe","Andreas Gampe","Andreas Gampe"
"156535","platform/bionic","Elliott Hughes","Dan Albert","Bionic Buildbot"
"156540","platform/system/core","Mark Salyzyn","Mark Salyzyn","Mark Salyzyn"
"156543","platform/frameworks/av","Robert Shih","Lajos Molnar","Robert Shih"
"156610","platform/bionic","Erik Kline","Elliott Hughes","Erik Kline"
"156733","platform/bionic","Yusuke Sato","Dimitry Ivanov","Dimitry Ivanov"
"156734","platform/frameworks/base","Yusuke Sato","Elliott Hughes","Elliott Hughes"
"156745","platform/bionic","Dimitry Ivanov","Dimitry Ivanov","Bionic Buildbot"
"156770","platform/system/core","Yusuke Sato","Elliott Hughes","Elliott Hughes"
"156771","platform/system/core","Yusuke Sato","Elliott Hughes","Yusuke Sato"
"157141","platform/frameworks/base","Tiger Huang","Wale Ogunwale","Wale Ogunwale"
"157234","platform/bionic","Elliott Hughes","Dimitry Ivanov","Elliott Hughes"
"157238","platform/frameworks/base","Yang Ni","Yang Ni","Yang Ni"
"157254","platform/frameworks/opt/net/wifi","Andreas Gampe","Stephen Hines","Andreas Gampe"
"157268","platform/frameworks/base","Stephen Hines","Pirama Arumuga Nainar","Stephen Hines"
"157271","platform/bionic","Dimitry Ivanov","Dimitry Ivanov","Dimitry Ivanov"
"157275","platform/system/core","Evgenii Stepanov","Andreas Gampe","Evgenii Stepanov"
"157279","platform/system/core","Elliott Hughes","Christopher Ferris","Elliott Hughes"
"157294","platform/frameworks/base","John Hoford","Stephen Hines","John Hoford"
"157370","platform/bionic","Neil Fuller","Elliott Hughes","Bionic Buildbot"
"157439","platform/frameworks/base","Miao Wang","Stephen Hines","Miao Wang"
"157455","platform/bionic","Dimitry Ivanov","Dimitry Ivanov","Dimitry Ivanov"
"157634","platform/bionic","Egor Kochetov","Elliott Hughes","Elliott Hughes"
"157843","platform/system/core","Jinghui Gu","Narayan Kamath","Calin Juravle"
"157883","platform/bionic","Elliott Hughes","Colin Cross","Bionic Buildbot"
"157923","platform/frameworks/base","zhenyu wang","Mike Lockwood","Mike Lockwood"
"157969","platform/frameworks/opt/net/wifi","Henrik Baard","Narayan Kamath","Narayan Kamath"
"157981","platform/frameworks/base","Narayan Kamath","Narayan Kamath","Narayan Kamath"
"158064","platform/frameworks/base","Neil Fuller","Narayan Kamath","Neil Fuller"
"158083","platform/frameworks/base","Neil Fuller","Narayan Kamath","Neil Fuller"
"158190","platform/system/core","Derrick Bonafilia","Elliott Hughes","Elliott Hughes"
"158192","platform/bionic","Evgenii Stepanov","Dimitry Ivanov","Bionic Buildbot"
"158196","platform/frameworks/av","Evgenii Stepanov","Dan Albert","Evgenii Stepanov"
"158206","platform/bionic","Elliott Hughes","Daniel Erat","Bionic Buildbot"
"158216","platform/bionic","Elliott Hughes","Elliott Hughes","Elliott Hughes"
"158225","platform/system/core","Daniel Rosenberg","Dan Albert","Daniel Rosenberg"
"158253","platform/frameworks/base","Elliott Hughes","Dan Albert","Elliott Hughes"
"158256","platform/system/core","Elliott Hughes","Christopher Ferris","Elliott Hughes"
"158319","platform/system/core","Daniel Rosenberg","Rom Lemarchand","Daniel Rosenberg"
"158397","platform/system/core","Daniel Rosenberg","Rom Lemarchand","Daniel Rosenberg"
"158398","platform/system/core","Daniel Rosenberg","Rom Lemarchand","Daniel Rosenberg"
"158442","platform/frameworks/base","Neil Fuller","Elliott Hughes","Neil Fuller"
"158443","platform/frameworks/base","Neil Fuller","Elliott Hughes","Neil Fuller"
"158461","platform/frameworks/base","Hyemin Hwang","Chris Tate","Chris Tate"
"158492","platform/bionic","Christopher Ferris","Christopher Ferris","Christopher Ferris"
"158520","platform/frameworks/base","Elliott Hughes","Christopher Ferris","Elliott Hughes"
"158526","platform/bionic","Dimitry Ivanov","Elliott Hughes","Dimitry Ivanov"
"158532","platform/frameworks/base","Neil Fuller","Narayan Kamath","Neil Fuller"
"158543","platform/frameworks/base","Neil Fuller","Narayan Kamath","Neil Fuller"
"158559","platform/frameworks/base","Narayan Kamath","Elliott Hughes","Narayan Kamath"
"158619","platform/system/core","Dan Albert","Elliott Hughes","Dan Albert"
"158621","platform/bionic","Daniel Erat","Elliott Hughes","Daniel Erat"
"158643","platform/system/core","Christopher Ferris","Elliott Hughes","Christopher Ferris"
"158754","platform/system/core","Dan Albert","Dan Albert","Dan Albert"
"158763","platform/frameworks/base","Narayan Kamath","Elliott Hughes","Narayan Kamath"
"158783","platform/packages/apps/Settings","Narayan Kamath","Neil Fuller","Narayan Kamath"
"158801","platform/system/core","Pirama Arumuga Nainar","Elliott Hughes","Pirama Arumuga Nainar"
"158810","platform/system/core","Elliott Hughes","Narayan Kamath","Elliott Hughes"
"158822","platform/bionic","Pirama Arumuga Nainar","Dan Albert","Bionic Buildbot"
"158873","platform/system/core","Christopher Ferris","Elliott Hughes","Christopher Ferris"
"158982","platform/frameworks/base","Mathieu Chartier","Narayan Kamath","Mathieu Chartier"
"159013","platform/frameworks/base","Elliott Hughes","Elliott Hughes","Elliott Hughes"
"159015","platform/bionic","Elliott Hughes","Dan Albert","Elliott Hughes"
"159030","platform/frameworks/av","Elliott Hughes","Dan Albert","Elliott Hughes"
"159042","platform/bionic","Evgenii Stepanov","Dimitry Ivanov","Evgenii Stepanov"
"159051","platform/frameworks/base","Elliott Hughes","Dan Albert","Elliott Hughes"
"159170","platform/system/core","Tao Bao","Elliott Hughes","Tao Bao"
"159295","platform/bionic","Christopher Ferris","Christopher Ferris","Christopher Ferris"
"159310","platform/bionic","Christopher Ferris","Christopher Ferris","Christopher Ferris"
"159387","platform/bionic","Yabin Cui","Elliott Hughes","Bionic Buildbot"
"159551","platform/frameworks/base","Narayan Kamath","Narayan Kamath","Narayan Kamath"
"15961","platform/system/vold","Ethan Du","Jean-Baptiste Queru","nobody.verified"
"159753","platform/bionic","Evgenii Stepanov","Dan Albert","Evgenii Stepanov"
"159760","platform/system/core","Yu Ning","Elliott Hughes","Elliott Hughes"
"159818","platform/frameworks/base","Neil Fuller","Narayan Kamath","Neil Fuller"
"159874","platform/system/core","Nick Kralevich","Nick Kralevich","Nick Kralevich"
"159877","platform/bionic","Bertrand Simonnet","Elliott Hughes","Bionic Buildbot"
"15991","platform/system/vold","Bruce J Beare","Mike Lockwood","Jean-Baptiste Queru"
"159912","platform/bionic","Dimitry Ivanov","Elliott Hughes","Dimitry Ivanov"
"160004","platform/frameworks/base","Miao Wang","Jean-Luc Brouillet","Miao Wang"
"16006","platform/system/vold","Garmin Android","Mike Lockwood","Jean-Baptiste Queru"
"18950","platform/system/vold","Chih-Wei Huang","Mike Lockwood","nobody.verified"
"18966","platform/system/vold","Chih-Wei Huang","Mike Lockwood","nobody.verified"
"18982","platform/system/vold","Chih-Wei Huang","Jean-Baptiste Queru","nobody.verified"
"20577","platform/system/vold","Johan Redestig","Ken Sumrall","Jean-Baptiste Queru"
"22191","platform/system/vold","Johan Redestig","Mike Lockwood","Jean-Baptiste Queru"
"22482","platform/system/vold","Vernon Tang","Conley Owens","nobody.verified"
"23189","platform/system/vold","Oskar Andero","Mike Lockwood","Mike Lockwood"
"23517","platform/system/vold","Chih-Hung Chou","Nick Kralevich","nobody.verified"
"35280","platform/system/vold","Kaspter Ju","Jean-Baptiste Queru","Jean-Baptiste Queru"
"40020","platform/frameworks/opt/telephony","Ajay Nambi","Wink Saville","Wink Saville"
"40439","platform/frameworks/opt/telephony","Rika Brooks","Wink Saville","Wink Saville"
"40457","platform/frameworks/opt/telephony","Rika Brooks","Jake Hamby","Jake Hamby"
"40470","platform/frameworks/opt/telephony","Rika Brooks","Jake Hamby","Deckard Autoverifier"
"40481","platform/frameworks/opt/telephony","Rika Brooks","Jake Hamby","Jake Hamby"
"41106","platform/frameworks/opt/telephony","Rika Brooks","Jake Hamby","Jake Hamby"
"41107","platform/frameworks/opt/telephony","Rika Brooks","Jake Hamby","Deckard Autoverifier"
"41200","platform/frameworks/opt/telephony","Zoran Jovanovic","Jake Hamby","Jake Hamby"
"41400","platform/frameworks/opt/telephony","kyunga1.kim","Wink Saville","Wink Saville"
"42013","platform/frameworks/opt/telephony","Jeevaka Prabu Badrappan","Wink Saville","Wink Saville"
"42064","platform/frameworks/opt/telephony","Rika Brooks","Wink Saville","Wink Saville"
"42091","platform/frameworks/opt/telephony","Rika Brooks","Jake Hamby","Jake Hamby"
"42308","platform/frameworks/opt/telephony","Naveen K","Wink Saville","Wink Saville"
"42486","platform/frameworks/opt/telephony","Johan Redestig","Wink Saville","Wink Saville"
"42590","platform/packages/apps/Settings","Elliott Hughes","Amith Yamasani","Elliott Hughes"
"43031","platform/frameworks/opt/telephony","Johan Redestig","Wink Saville","Wink Saville"
"43051","platform/packages/apps/Settings","Björn Lundén","Jean-Baptiste Queru","Deckard Autoverifier"
"43352","platform/packages/apps/Settings","Manuel R. Ciosici","Robert Greenwalt","Deckard Autoverifier"
"43361","platform/system/vold","Robert Craig","Kenny Root","Deckard Autoverifier"
"43480","platform/system/vold","Johan Redestig","Kenny Root","Elliott Hughes"
"43714","platform/frameworks/opt/telephony","Alex Yakavenka","Wink Saville","Wink Saville"
"43911","platform/packages/apps/Settings","Shuhrat Dehkanov","Amith Yamasani","Deckard Autoverifier"
"44061","platform/frameworks/opt/telephony","Alex Yakavenka","Wink Saville","Wink Saville"
"44320","platform/system/vold","Robert Craig","nobody.approved","Nick Kralevich"
"44710","platform/packages/apps/Settings","Fábio Silva","Amith Yamasani","Deckard Autoverifier"
"44872","platform/frameworks/opt/telephony","Suresh Koleti","Jake Hamby","Jake Hamby"
"44874","platform/frameworks/opt/telephony","Jiju Kinattingal","Wink Saville","Deckard Autoverifier"
"44989","platform/frameworks/opt/telephony","Shruthi N.K","Wink Saville","Wink Saville"
"45050","platform/packages/apps/Settings","Weichuan Yan","Jeff Sharkey","Deckard Autoverifier"
"45430","platform/packages/apps/Settings","Dávid László","Amith Yamasani","Deckard Autoverifier"
"45680","platform/system/vold","Elliott Hughes","Kenny Root","Elliott Hughes"
"45993","platform/packages/apps/Settings","Thiago Ribeiro","Amith Yamasani","Deckard Autoverifier"
"46781","platform/frameworks/opt/telephony","Maunik Shah","Wink Saville","Wink Saville"
"46782","platform/packages/apps/Settings","Pawit Pornkitprasan","Jeff Sharkey","Jeff Sharkey"
"46877","platform/frameworks/opt/telephony","Rika Brooks","Jake Hamby","Jake Hamby"
"47263","platform/frameworks/opt/telephony","Ajay Nambi","Eric Laurent","Wink Saville"
"47350","platform/packages/apps/Settings","Johan Redestig","Wink Saville","Wink Saville"
"48085","platform/frameworks/opt/telephony","Ajay Nambi","Wink Saville","Deckard Autoverifier"
"48088","platform/frameworks/opt/telephony","Shuo Gao","Wink Saville","Wink Saville"
"48095","platform/frameworks/opt/telephony","Shuo Gao","Wink Saville","Wink Saville"
"48096","platform/frameworks/opt/telephony","Ajay Nambi","Wink Saville","Deckard Autoverifier"
"48097","platform/frameworks/opt/telephony","Shuo Gao","Wink Saville","Wink Saville"
"48191","platform/packages/apps/Settings","Benn Pörscke","Amith Yamasani","Elliott Hughes"
"48360","platform/frameworks/opt/telephony","Roger Chen","Wink Saville","Wink Saville"
"48450","platform/frameworks/opt/telephony","Roger Chen","Wink Saville","Wink Saville"
"48635","platform/frameworks/opt/telephony","Bin Li","Wink Saville","Wink Saville"
"48830","platform/frameworks/opt/telephony","Alex Yakavenka","Wink Saville","Deckard Autoverifier"
"48941","platform/frameworks/opt/telephony","Rika Brooks","Wink Saville","Wink Saville"
"49339","platform/frameworks/opt/telephony","Robert Greenwalt","Robert Greenwalt","Robert Greenwalt"
"49355","platform/frameworks/opt/telephony","Shuo Gao","Wink Saville","Deckard Autoverifier"
"49363","platform/frameworks/opt/telephony","Shuo Gao","Wink Saville","Deckard Autoverifier"
"49430","platform/frameworks/opt/telephony","Robert Greenwalt","Wink Saville","Wink Saville"
"49654","platform/frameworks/opt/telephony","Shuo Gao","Wink Saville","Deckard Autoverifier"
"49933","platform/packages/apps/Settings","Henrik Baard","Amith Yamasani","Deckard Autoverifier"
"49941","platform/frameworks/opt/telephony","Henrik Baard","Wink Saville","Wink Saville"
"50041","platform/packages/apps/Settings","Sungmin Choi","Amith Yamasani","Amith Yamasani"
"50060","platform/packages/apps/Settings","Henrik Baard","Amith Yamasani","Elliott Hughes"
"50080","platform/packages/apps/Settings","Henrik Baard","Irfan Sheriff","Irfan Sheriff"
"50220","platform/packages/apps/Settings","Shuhrat Dehkanov","Irfan Sheriff","Irfan Sheriff"
"50232","platform/packages/apps/Settings","Henrik Baard","Dianne Hackborn","Deckard Autoverifier"
"50234","platform/frameworks/opt/telephony","Bin Li","Wink Saville","Wink Saville"
"50235","platform/frameworks/opt/telephony","Bin Li","Wink Saville","Wink Saville"
"50440","platform/frameworks/opt/telephony","Bin Li","Wink Saville","Wink Saville"
"50464","platform/frameworks/opt/telephony","Alex Yakavenka","Wink Saville","Wink Saville"
"50481","platform/frameworks/opt/telephony","Alex Yakavenka","Wink Saville","Wink Saville"
"50833","platform/packages/apps/Settings","Henrik Baard","Amith Yamasani","Deckard Autoverifier"
"50850","platform/frameworks/opt/telephony","Henrik Baard","Wink Saville","Wink Saville"
"51050","platform/packages/apps/Settings","Jaewan Kim","Amith Yamasani","Amith Yamasani"
"51163","platform/packages/apps/Settings","sunil duttu","Irfan Sheriff","Irfan Sheriff"
"51243","platform/frameworks/opt/telephony","Hariprasad Jayakumar","Wink Saville","Wink Saville"
"51291","platform/packages/apps/Settings","sunil duttu","Irfan Sheriff","Irfan Sheriff"
"51315","platform/frameworks/opt/telephony","Alex Yakavenka","Wink Saville","Wink Saville"
"51341","platform/frameworks/opt/telephony","Sungmin Choi","Robert Greenwalt","Robert Greenwalt"
"51342","platform/frameworks/opt/telephony","Sungmin Choi","Robert Greenwalt","Robert Greenwalt"
"51343","platform/frameworks/opt/telephony","Sungmin Choi","Robert Greenwalt","Robert Greenwalt"
"51510","platform/system/vold","Chih-Wei Huang","Kenny Root","Deckard Autoverifier"
"51604","platform/frameworks/opt/telephony","Chris Lei","Wink Saville","Wink Saville"
"51710","platform/packages/apps/Settings","Sungmin Choi","Wink Saville","Deckard Autoverifier"
"51750","platform/packages/apps/Settings","Kenny Root","Brian Carlstrom","Kenny Root"
"51823","platform/packages/apps/Settings","Irfan Sheriff","Irfan Sheriff","Irfan Sheriff"
"51824","platform/packages/apps/Settings","Irfan Sheriff","Irfan Sheriff","Irfan Sheriff"
"51825","platform/packages/apps/Settings","Irfan Sheriff","Irfan Sheriff","Irfan Sheriff"
"51826","platform/packages/apps/Settings","Irfan Sheriff","Irfan Sheriff","Irfan Sheriff"
"51925","platform/packages/apps/Settings","Sungmin Choi","Robert Greenwalt","Robert Greenwalt"
"51931","platform/frameworks/opt/telephony","Abhishek Adappa","Wink Saville","Deckard Autoverifier"
"52294","platform/frameworks/opt/telephony","Ajay Nambi","Wink Saville","Wink Saville"
"52322","platform/frameworks/opt/telephony","Elliott Hughes","Elliott Hughes","Elliott Hughes"
"52590","platform/packages/apps/Settings","Sungmin Choi","Elliott Hughes","Elliott Hughes"
"52820","platform/packages/apps/Settings","Jaewan Kim","Irfan Sheriff","Irfan Sheriff"
"53200","platform/packages/apps/Settings","Ryan Baxter","Amith Yamasani","Amith Yamasani"
"53442","platform/packages/apps/Settings","Henrik Baard","Amith Yamasani","Amith Yamasani"
"53981","platform/packages/apps/Settings","Jaewan Kim","Jeff Sharkey","Jeff Sharkey"
"54000","platform/frameworks/opt/telephony","Takeshi Aimi","Robert Greenwalt","Robert Greenwalt"
"54010","platform/packages/apps/Settings","Johan Redestig","Amith Yamasani","Deckard Autoverifier"
"54206","platform/frameworks/opt/telephony","Ajay Nambi","Wink Saville","Wink Saville"
"54272","platform/frameworks/opt/telephony","Johan Redestig","Wink Saville","Wink Saville"
"54310","platform/frameworks/opt/telephony","Alex Yakavenka","Wink Saville","Wink Saville"
"54441","platform/frameworks/opt/telephony","Sudheer Reddy Yampalla","Wink Saville","Wink Saville"
"54460","platform/packages/apps/Settings","Sungmin Choi","Elliott Hughes","Deckard Autoverifier"
"54812","platform/packages/apps/Settings","Kenny Root","Irfan Sheriff","Kenny Root"
"54872","platform/packages/apps/Settings","Kenny Root","Amith Yamasani","Kenny Root"
"55342","platform/packages/apps/Settings","Kenny Root","Kenny Root","Kenny Root"
"57671","platform/packages/apps/Settings","Kenny Root","Brian Carlstrom","Kenny Root"
"57675","platform/frameworks/opt/telephony","Anju Mathapati","Jake Hamby","Jake Hamby"
"57679","platform/packages/apps/Settings","Kenny Root","Brian Carlstrom","Kenny Root"
"58434","platform/frameworks/opt/telephony","Gao Rong","Wink Saville","Wink Saville"
"58733","platform/frameworks/opt/telephony","Hariprasad Jayakumar","Wink Saville","Wink Saville"
"59013","platform/packages/apps/Settings","Henrik Baard","Amith Yamasani","Deckard Autoverifier"
"59861","platform/frameworks/opt/telephony","Johan Redestig","Wink Saville","Wink Saville"
"60670","platform/frameworks/opt/telephony","Antonio Marin","Wink Saville","Wink Saville"
"61350","platform/packages/apps/Settings","Elliott Hughes","Elliott Hughes","Elliott Hughes"
"61378","platform/packages/apps/Settings","Elliott Hughes","Elliott Hughes","Deckard Autoverifier"
"61510","platform/system/vold","Bjorn Andersson","Kenny Root","Deckard Autoverifier"
"61565","platform/frameworks/opt/telephony","Gao Rong","Wink Saville","Wink Saville"
"61580","platform/packages/apps/Settings","Johan Redestig","Robert Greenwalt","Robert Greenwalt"
"61582","platform/packages/apps/Settings","Henrik Baard","Jeff Sharkey","Deckard Autoverifier"
"61616","platform/system/vold","Nick Kralevich","Nick Kralevich","Nick Kralevich"
"61851","platform/frameworks/opt/telephony","Sungmin Choi","Wink Saville","Wink Saville"
"61970","platform/packages/apps/Settings","Hong Chen","Robert Greenwalt","Robert Greenwalt"
"62248","platform/packages/apps/Settings","Takeshi Aimi","Jeff Sharkey","Takeshi Aimi"
"62407","platform/packages/apps/Settings","Jun Su","Jeff Sharkey","Deckard Autoverifier"
"62566","platform/packages/apps/Settings","Birdson Chen","Robert Greenwalt","Robert Greenwalt"
"62943","platform/frameworks/opt/telephony","Alex Yakavenka","Wink Saville","Wink Saville"
"62996","platform/frameworks/opt/telephony","Elliott Hughes","Robert Greenwalt","Elliott Hughes"
"63090","platform/packages/apps/Settings","Danny Baumann","Dianne Hackborn","Dianne Hackborn"
"63561","platform/frameworks/opt/telephony","Robert Greenwalt","Robert Greenwalt","Robert Greenwalt"
"63695","platform/packages/apps/Settings","Jianzheng Zhou","Robert Greenwalt","Deckard Autoverifier"
"63839","platform/frameworks/opt/telephony","Robert Greenwalt","Wink Saville","Deckard Autoverifier"
"63881","platform/frameworks/opt/telephony","Danny Baumann","Wink Saville","Deckard Autoverifier"
"64678","platform/frameworks/opt/telephony","Duho Ro","Wink Saville","Wink Saville"
"64774","platform/frameworks/opt/telephony","Naveen K","Wink Saville","Deckard Autoverifier"
"64796","platform/frameworks/opt/telephony","Chris Lei","Wink Saville","Wink Saville"
"65150","platform/packages/apps/Settings","Elliott Hughes","Amith Yamasani","Elliott Hughes"
"65180","platform/frameworks/opt/telephony","David Pursehouse","Wink Saville","Wink Saville"
"65188","platform/frameworks/opt/telephony","sandeep kunta","Wink Saville","Deckard Autoverifier"
"65191","platform/frameworks/base","Vladimir Marko","Dan Sandler","Vladimir Marko"
"65352","platform/frameworks/opt/telephony","","Wink Saville","Wink Saville"
"65741","platform/packages/apps/Settings","Elliott Hughes","Elliott Hughes","Elliott Hughes"
"66220","platform/frameworks/opt/telephony","Chaitanya Saggurthi","Bill Yi","nobody.verified"
"66532","platform/frameworks/opt/telephony","sandeep kunta","Wink Saville","Wink Saville"
"66546","platform/frameworks/opt/telephony","Srikanth Chintala","Wink Saville","Deckard Autoverifier"
"66691","platform/frameworks/opt/telephony","Alan Wang","Wink Saville","Wink Saville"
"66711","platform/frameworks/opt/telephony","Alan Wang","Wink Saville","Wink Saville"
"68895","platform/frameworks/opt/telephony","Narayan Kamath","Wink Saville","Narayan Kamath"
"69100","platform/packages/apps/Settings","Shuhrat Dehkanov","Elliott Hughes","Elliott Hughes"
"70514","platform/packages/apps/Settings","Lorenzo Colitti","Amith Yamasani","Lorenzo Colitti"
"70515","platform/packages/apps/Settings","Lorenzo Colitti","Amith Yamasani","Lorenzo Colitti"
"70989","platform/frameworks/opt/telephony","shishir","John Huang","John Huang"
"71001","platform/packages/apps/Settings","Henrik Baard","Amith Yamasani","Amith Yamasani"
"72359","platform/frameworks/opt/telephony","shishir","Wink Saville","nobody.verified"
"72605","platform/packages/apps/Settings","Kenny Root","Elliott Hughes","nobody.verified"
"72669","platform/frameworks/opt/telephony","shishir","Wink Saville","nobody.verified"
"73170","platform/packages/apps/Settings","Johan Redestig","Amith Yamasani","Deckard Autoverifier"
"73682","platform/packages/apps/Settings","Elliott Hughes","Narayan Kamath","Elliott Hughes"
"74060","platform/packages/apps/Settings","Johan Redestig","Zhihai Xu","Zhihai Xu"
"79540","platform/frameworks/opt/telephony","David Daynard","Wink Saville","Wink Saville"
"79541","platform/packages/apps/Settings","David Daynard","Wink Saville","Wink Saville"
"79688","platform/system/vold","Colin Cross","Elliott Hughes","Colin Cross"
"79689","platform/system/vold","Colin Cross","Elliott Hughes","Colin Cross"
"79711","platform/packages/apps/Settings","Takeshi Aimi","John Spurlock","John Spurlock"
"80592","platform/packages/apps/Settings","Brian Carlstrom","Kenny Root","Brian Carlstrom"
"80961","platform/frameworks/opt/telephony","Alan Wang","Bill Yi","nobody.verified"
"80962","platform/frameworks/opt/telephony","Alan Wang","Bill Yi","nobody.verified"
"81050","platform/system/vold","Robert Craig","Nick Kralevich","Nick Kralevich"
"81439","platform/system/vold","Colin Cross","Elliott Hughes","Colin Cross"
"81991","platform/system/vold","Stephen Smalley","Nick Kralevich","Nick Kralevich"
"82061","platform/system/vold","Mark Salyzyn","Elliott Hughes","Mark Salyzyn"
"82731","platform/packages/apps/Settings","Nitin Shivpure","Matthew Xie","Matthew Xie"
"83280","platform/frameworks/opt/telephony","Steven Liu","Bill Yi","nobody.verified"
"83474","platform/packages/apps/Settings","Narayan Kamath","Elliott Hughes","Narayan Kamath"
"83504","platform/frameworks/opt/telephony","X.J. Lee","Wink Saville","Wink Saville"
"83594","platform/packages/apps/Settings","Narayan Kamath","Narayan Kamath","Narayan Kamath"
"83664","platform/packages/apps/Settings","Rob Fletcher","Matthew Xie","Alex Klyubin"
"83683","platform/frameworks/opt/telephony","andersk","andersk","andersk"
"87559","platform/packages/apps/Settings","Narayan Kamath","Narayan Kamath","Narayan Kamath"
"87756","platform/packages/apps/Settings","Shuhrat Dehkanov","Fergus Henderson","Deckard Autoverifier"
"87810","platform/system/vold","JP Abgrall","Mohamad Ayyash","JP Abgrall"
"88239","platform/frameworks/av","Suresh Choudhary","Lajos Molnar","Lajos Molnar"
"89432","platform/system/vold","Fengwei Yin","JP Abgrall","JP Abgrall"
"90062","platform/frameworks/av","David Pursehouse","Lajos Molnar","Deckard Autoverifier"
"92001","platform/packages/apps/Settings","Elliott Hughes","Elliott Hughes","Elliott Hughes"
"92220","platform/packages/apps/Settings","Jun Su","Jeff Sharkey","Deckard Autoverifier"
"94015","platform/packages/apps/Settings","Mark Salyzyn","Mark Salyzyn","Mark Salyzyn"
"94982","platform/frameworks/av","Haojun Bao","Marco Nelissen","Deckard Autoverifier"
"95250","platform/system/vold","Dan Albert","Elliott Hughes","Dan Albert"
"95860","platform/system/vold","Robert Chiras","JP Abgrall","JP Abgrall"
"96164","platform/packages/apps/Settings","Brian Carlstrom","Anwar Ghuloum","Brian Carlstrom"
"96911","platform/system/vold","Dan Albert","Elliott Hughes","Dan Albert"
"97240","platform/frameworks/base","Taeho Kim","Alan Viverette","Alan Viverette"
"98159","platform/packages/apps/Settings","Mark Salyzyn","Fabrice Di Meglio","Mark Salyzyn"
"98280","platform/packages/apps/Settings","Mark Salyzyn","Fabrice Di Meglio","Mark Salyzyn"
"98413","platform/packages/apps/Settings","Mark Salyzyn","Fabrice Di Meglio","Mark Salyzyn"
"98902","platform/system/vold","Young-Ho Cha","JP Abgrall","JP Abgrall"
"99449","platform/system/vold","Elliott Hughes","Elliott Hughes","Elliott Hughes"
"99574","platform/system/vold","Bogdan George Stefan","JP Abgrall","Deckard Autoverifier"
